ReplayName, ChatMessageCount, ReplayLength, WinningAlienUnitType, Players
PARASITE - DELTA (11).SC2Replay,3,171.83035714285717,
PARASITE - DELTA (13).SC2Replay,4,140.04464285714286,
PARASITE - DELTA (10).SC2Replay,48,458.92857142857144,?ZerglingCarbot
PARASITE - DELTA (12).SC2Replay,12,790.2232142857143,
PARASITE - DELTA (15).SC2Replay,0,21.607142857142858,
PARASITE - DELTA (14).SC2Replay,9,138.83928571428572,
PARASITE - DELTA (17).SC2Replay,0,14.910714285714286,?AlienSpawn
PARASITE - DELTA (16).SC2Replay,0,19.642857142857142,?AlienSpawn
PARASITE - DELTA (18).SC2Replay,0,16.964285714285715,?AlienSpawn
PARASITE - DELTA (19).SC2Replay,0,23.526785714285715,?AlienSpawn
PARASITE - DELTA (2).SC2Replay,0,44.6875,?AlienSpawn
PARASITE - DELTA (20).SC2Replay,1,73.88392857142857,?AlienSpawn
PARASITE - DELTA (21).SC2Replay,0,10.580357142857144,?AlienSpawn
PARASITE - DELTA (3).SC2Replay,0,102.85714285714286,?AlienSpawn
PARASITE - DELTA (30).SC2Replay,18,475.22321428571433,?AlienSpawn
PARASITE - DELTA (32).SC2Replay,0,1.3839285714285716,
PARASITE - DELTA (4).SC2Replay,0,188.70535714285717,?AlienSpawn
PARASITE - DELTA (72).SC2Replay,49,214.46428571428572,?AlienSpawn
PARASITE - DELTA (73).SC2Replay,0,35.267857142857146,?AlienSpawn
PARASITE - DELTA.SC2Replay,0,268.4821428571429,?AlienSpawn
PARASITE - DELTA (29).SC2Replay,218,1510.4017857142858,?ZerglingCarbot
PARASITE - DELTA (31).SC2Replay,238,1426.875,?PrimalRoach
PARASITE - XIII (10).SC2Replay,0,30.267857142857146,?AlienSpawn
PARASITE - XIII (11).SC2Replay,0,480.9821428571429,?AlienSpawn
PARASITE - XIII (13).SC2Replay,0,248.16964285714286,?AlienSpawn
PARASITE - XIII (14).SC2Replay,2,166.4732142857143,?AlienSpawn
PARASITE - XIII (12).SC2Replay,2,1047.9464285714287,?AlienSpawn
PARASITE - XIII (15).SC2Replay,0,93.75,?AlienSpawn
PARASITE - XIII (16).SC2Replay,0,21.875,?AlienSpawn
PARASITE - XIII (17).SC2Replay,0,24.464285714285715,?AlienSpawn
PARASITE - XIII (19).SC2Replay,0,93.30357142857143,?AlienSpawn
PARASITE - XIII (18).SC2Replay,1,196.51785714285717,
PARASITE - XIII (2).SC2Replay,0,45.17857142857143,
PARASITE - XIII (20).SC2Replay,0,64.33035714285715,?AlienSpawn
PARASITE - XIII (21).SC2Replay,0,86.96428571428572,?AlienSpawn
PARASITE - XIII (22).SC2Replay,0,154.19642857142858,?AlienSpawn
PARASITE - XIII (23).SC2Replay,0,13.75,?AlienSpawn
PARASITE - XIII (24).SC2Replay,0,48.392857142857146,?AlienSpawn
PARASITE - XIII (25).SC2Replay,0,132.76785714285714,?AlienSpawn
PARASITE - XIII (27).SC2Replay,0,363.2142857142857,?AlienSpawn
PARASITE - XIII (26).SC2Replay,9,506.0267857142857,?AlienSpawn
PARASITE - XIII (29).SC2Replay,0,14.017857142857144,?AlienSpawn
PARASITE - DELTA (12) (1).SC2Replay,242,3610.5357142857147,?ZerglingCarbot
PARASITE - XIII (28).SC2Replay,0,144.33035714285714,?AlienSpawn
PARASITE - XIII (3).SC2Replay,0,213.08035714285717,?AlienSpawn
PARASITE - XIII (5).SC2Replay,0,91.11607142857143,?AlienSpawn
PARASITE - XIII (4).SC2Replay,0,214.77678571428572,?AlienSpawn
PARASITE - XIII (6).SC2Replay,0,31.294642857142858,?AlienSpawn
PARASITE - XIII (7).SC2Replay,0,107.5,?AlienSpawn
PARASITE - XIII (8).SC2Replay,0,155.49107142857144,?AlienSpawn
PARASITE - XIII (9).SC2Replay,0,344.1964285714286,?AlienSpawn
PARASITE - XIII.SC2Replay,14,75.04464285714286,?AlienSpawn
