PlayerHandle, PlayerName
2-S2-1-11291121,lumerions
2-S2-1-8436774,Bandy
2-S2-1-7267910,Zeratul
2-S2-1-9776538,DiegoRiveraL
2-S2-1-1846491,ArcadeGamer
2-S2-1-9400926,Serеnity
2-S2-2-1072333,Slakon
2-S2-1-9843235,Eragonball
2-S2-1-1622974,MarcoFMig
2-S2-1-1594633,Nicolas
2-S2-1-8053359,Etrick
2-S2-1-10998455,Kalashnikova
2-S2-1-11291121,lumerions
2-S2-1-8436774,Bandy
2-S2-1-7267910,Zeratul
2-S2-1-9776538,DiegoRiveraL
2-S2-1-1846491,ArcadeGamer
2-S2-1-9400926,Serеnity
2-S2-2-1072333,Slakon
2-S2-1-9843235,Eragonball
2-S2-1-1622974,MarcoFMig
2-S2-1-1594633,Nicolas
2-S2-1-8053359,Etrick
2-S2-1-10998455,Kalashnikova
2-S2-1-11291121,lumerions
2-S2-1-8436774,Bandy
2-S2-1-7267910,Zeratul
2-S2-1-9776538,DiegoRiveraL
2-S2-1-1846491,ArcadeGamer
2-S2-1-9400926,Serеnity
2-S2-2-1072333,Slakon
2-S2-1-9843235,Eragonball
2-S2-1-1622974,MarcoFMig
2-S2-1-1594633,Nicolas
2-S2-1-8053359,Etrick
2-S2-1-10998455,Kalashnikova
2-S2-1-11291121,lumerions
2-S2-1-8436774,Bandy
2-S2-1-7267910,Zeratul
2-S2-1-9776538,DiegoRiveraL
2-S2-1-1846491,ArcadeGamer
2-S2-1-9400926,Serеnity
2-S2-2-1072333,Slakon
2-S2-1-9843235,Eragonball
2-S2-1-1622974,MarcoFMig
2-S2-1-1594633,Nicolas
2-S2-1-8053359,Etrick
2-S2-1-10998455,Kalashnikova
2-S2-1-11291121,lumerions
2-S2-1-8436774,Bandy
2-S2-1-7267910,Zeratul
2-S2-1-9776538,DiegoRiveraL
2-S2-1-1846491,ArcadeGamer
2-S2-1-9400926,Serеnity
2-S2-2-1072333,Slakon
2-S2-1-9843235,Eragonball
2-S2-1-1622974,MarcoFMig
2-S2-1-1594633,Nicolas
2-S2-1-8053359,Etrick
2-S2-1-10998455,Kalashnikova
2-S2-1-11291121,lumerions
2-S2-1-8436774,Bandy
2-S2-1-7267910,Zeratul
2-S2-1-9776538,DiegoRiveraL
2-S2-1-1846491,ArcadeGamer
2-S2-1-9400926,Serеnity
2-S2-2-1072333,Slakon
2-S2-1-9843235,Eragonball
2-S2-1-1622974,MarcoFMig
2-S2-1-1594633,Nicolas
2-S2-1-8053359,Etrick
2-S2-1-10998455,Kalashnikova
2-S2-1-11291121,lumerions
2-S2-1-8436774,Bandy
2-S2-1-7267910,Zeratul
2-S2-1-9776538,DiegoRiveraL
2-S2-1-1846491,ArcadeGamer
2-S2-1-9400926,Serеnity
2-S2-2-1072333,Slakon
2-S2-1-9843235,Eragonball
2-S2-1-1622974,MarcoFMig
2-S2-1-1594633,Nicolas
2-S2-1-8053359,Etrick
2-S2-1-10998455,Kalashnikova
2-S2-1-11291121,lumerions
2-S2-1-8436774,Bandy
2-S2-1-7267910,Zeratul
2-S2-1-9776538,DiegoRiveraL
2-S2-1-1846491,ArcadeGamer
2-S2-1-9400926,Serеnity
2-S2-2-1072333,Slakon
2-S2-1-9843235,Eragonball
2-S2-1-1622974,MarcoFMig
2-S2-1-1594633,Nicolas
2-S2-1-8053359,Etrick
2-S2-1-10998455,Kalashnikova
2-S2-1-11291121,lumerions
2-S2-1-8436774,Bandy
2-S2-1-7267910,Zeratul
2-S2-1-9776538,DiegoRiveraL
2-S2-1-1846491,ArcadeGamer
2-S2-1-9400926,Serеnity
2-S2-2-1072333,Slakon
2-S2-1-9843235,Eragonball
2-S2-1-1622974,MarcoFMig
2-S2-1-1594633,Nicolas
2-S2-1-8053359,Etrick
2-S2-1-10998455,Kalashnikova
2-S2-1-11291121,lumerions
2-S2-1-8436774,Bandy
2-S2-1-7267910,Zeratul
2-S2-1-9776538,DiegoRiveraL
2-S2-1-1846491,ArcadeGamer
2-S2-1-9400926,Serеnity
2-S2-2-1072333,Slakon
2-S2-1-9843235,Eragonball
2-S2-1-1622974,MarcoFMig
2-S2-1-1594633,Nicolas
2-S2-1-8053359,Etrick
2-S2-1-10998455,Kalashnikova
2-S2-1-11291121,lumerions
2-S2-1-8436774,Bandy
2-S2-1-7267910,Zeratul
2-S2-1-9776538,DiegoRiveraL
2-S2-1-1846491,ArcadeGamer
2-S2-1-9400926,Serеnity
2-S2-2-1072333,Slakon
2-S2-1-9843235,Eragonball
2-S2-1-1622974,MarcoFMig
2-S2-1-1594633,Nicolas
2-S2-1-8053359,Etrick
2-S2-1-10998455,Kalashnikova
2-S2-1-11291121,lumerions
2-S2-1-8436774,Bandy
2-S2-1-7267910,Zeratul
2-S2-1-9776538,DiegoRiveraL
2-S2-1-1846491,ArcadeGamer
2-S2-1-9400926,Serеnity
2-S2-2-1072333,Slakon
2-S2-1-9843235,Eragonball
2-S2-1-1622974,MarcoFMig
2-S2-1-1594633,Nicolas
2-S2-1-8053359,Etrick
2-S2-1-10998455,Kalashnikova
2-S2-1-11291121,lumerions
2-S2-1-8436774,Bandy
2-S2-1-7267910,Zeratul
2-S2-1-9776538,DiegoRiveraL
2-S2-1-1846491,ArcadeGamer
2-S2-1-9400926,Serеnity
2-S2-2-1072333,Slakon
2-S2-1-9843235,Eragonball
2-S2-1-1622974,MarcoFMig
2-S2-1-1594633,Nicolas
2-S2-1-8053359,Etrick
2-S2-1-10998455,Kalashnikova
2-S2-1-11291121,lumerions
2-S2-1-8436774,Bandy
2-S2-1-7267910,Zeratul
2-S2-1-9776538,DiegoRiveraL
2-S2-1-1846491,ArcadeGamer
2-S2-1-9400926,Serеnity
2-S2-2-1072333,Slakon
2-S2-1-9843235,Eragonball
2-S2-1-1622974,MarcoFMig
2-S2-1-1594633,Nicolas
2-S2-1-8053359,Etrick
2-S2-1-10998455,Kalashnikova
2-S2-1-11291121,lumerions
2-S2-1-8436774,Bandy
2-S2-1-7267910,Zeratul
2-S2-1-9776538,DiegoRiveraL
2-S2-1-1846491,ArcadeGamer
2-S2-1-9400926,Serеnity
2-S2-2-1072333,Slakon
2-S2-1-9843235,Eragonball
2-S2-1-1622974,MarcoFMig
2-S2-1-1594633,Nicolas
2-S2-1-8053359,Etrick
2-S2-1-10998455,Kalashnikova
2-S2-1-11291121,lumerions
2-S2-1-8436774,Bandy
2-S2-1-7267910,Zeratul
2-S2-1-9776538,DiegoRiveraL
2-S2-1-1846491,ArcadeGamer
2-S2-1-9400926,Serеnity
2-S2-2-1072333,Slakon
2-S2-1-9843235,Eragonball
2-S2-1-1622974,MarcoFMig
2-S2-1-1594633,Nicolas
2-S2-1-8053359,Etrick
2-S2-1-10998455,Kalashnikova
2-S2-1-11291121,lumerions
2-S2-1-8436774,Bandy
2-S2-1-7267910,Zeratul
2-S2-1-9776538,DiegoRiveraL
2-S2-1-1846491,ArcadeGamer
2-S2-1-9400926,Serеnity
2-S2-2-1072333,Slakon
2-S2-1-9843235,Eragonball
2-S2-1-1622974,MarcoFMig
2-S2-1-1594633,Nicolas
2-S2-1-8053359,Etrick
2-S2-1-10998455,Kalashnikova
2-S2-1-11291121,lumerions
2-S2-1-8436774,Bandy
2-S2-1-7267910,Zeratul
2-S2-1-9776538,DiegoRiveraL
2-S2-1-1846491,ArcadeGamer
2-S2-1-9400926,Serеnity
2-S2-2-1072333,Slakon
2-S2-1-9843235,Eragonball
2-S2-1-1622974,MarcoFMig
2-S2-1-1594633,Nicolas
2-S2-1-8053359,Etrick
2-S2-1-10998455,Kalashnikova
2-S2-1-11291121,lumerions
2-S2-1-8436774,Bandy
2-S2-1-7267910,Zeratul
2-S2-1-9776538,DiegoRiveraL
2-S2-1-1846491,ArcadeGamer
2-S2-1-9400926,Serеnity
2-S2-2-1072333,Slakon
2-S2-1-9843235,Eragonball
2-S2-1-1622974,MarcoFMig
2-S2-1-1594633,Nicolas
2-S2-1-8053359,Etrick
2-S2-1-10998455,Kalashnikova
2-S2-1-11291121,lumerions
2-S2-1-8436774,Bandy
2-S2-1-7267910,Zeratul
2-S2-1-9776538,DiegoRiveraL
2-S2-1-1846491,ArcadeGamer
2-S2-1-9400926,Serеnity
2-S2-2-1072333,Slakon
2-S2-1-9843235,Eragonball
2-S2-1-1622974,MarcoFMig
2-S2-1-1594633,Nicolas
2-S2-1-8053359,Etrick
2-S2-1-10998455,Kalashnikova
2-S2-1-11291121,lumerions
2-S2-1-8436774,Bandy
2-S2-1-7267910,Zeratul
2-S2-1-9776538,DiegoRiveraL
2-S2-1-1846491,ArcadeGamer
2-S2-1-9400926,Serеnity
2-S2-2-1072333,Slakon
2-S2-1-9843235,Eragonball
2-S2-1-1622974,MarcoFMig
2-S2-1-1594633,Nicolas
2-S2-1-8053359,Etrick
2-S2-1-10998455,Kalashnikova
2-S2-1-11291121,lumerions
2-S2-1-8436774,Bandy
2-S2-1-7267910,Zeratul
2-S2-1-9776538,DiegoRiveraL
2-S2-1-1846491,ArcadeGamer
2-S2-1-9400926,Serеnity
2-S2-2-1072333,Slakon
2-S2-1-9843235,Eragonball
2-S2-1-1622974,MarcoFMig
2-S2-1-1594633,Nicolas
2-S2-1-8053359,Etrick
2-S2-1-10998455,Kalashnikova
2-S2-1-11291121,lumerions
2-S2-1-8436774,Bandy
2-S2-1-7267910,Zeratul
2-S2-1-9776538,DiegoRiveraL
2-S2-1-1846491,ArcadeGamer
2-S2-1-9400926,Serеnity
2-S2-2-1072333,Slakon
2-S2-1-9843235,Eragonball
2-S2-1-1622974,MarcoFMig
2-S2-1-1594633,Nicolas
2-S2-1-8053359,Etrick
2-S2-1-10998455,Kalashnikova
2-S2-1-11291121,lumerions
2-S2-1-8436774,Bandy
2-S2-1-7267910,Zeratul
2-S2-1-9776538,DiegoRiveraL
2-S2-1-1846491,ArcadeGamer
2-S2-1-9400926,Serеnity
2-S2-2-1072333,Slakon
2-S2-1-9843235,Eragonball
2-S2-1-1622974,MarcoFMig
2-S2-1-1594633,Nicolas
2-S2-1-8053359,Etrick
2-S2-1-10998455,Kalashnikova
2-S2-1-11291121,lumerions
2-S2-1-8436774,Bandy
2-S2-1-7267910,Zeratul
2-S2-1-9776538,DiegoRiveraL
2-S2-1-1846491,ArcadeGamer
2-S2-1-9400926,Serеnity
2-S2-2-1072333,Slakon
2-S2-1-9843235,Eragonball
2-S2-1-1622974,MarcoFMig
2-S2-1-1594633,Nicolas
2-S2-1-8053359,Etrick
2-S2-1-10998455,Kalashnikova
2-S2-1-11291121,lumerions
2-S2-1-8436774,Bandy
2-S2-1-7267910,Zeratul
2-S2-1-9776538,DiegoRiveraL
2-S2-1-1846491,ArcadeGamer
2-S2-1-9400926,Serеnity
2-S2-2-1072333,Slakon
2-S2-1-9843235,Eragonball
2-S2-1-1622974,MarcoFMig
2-S2-1-1594633,Nicolas
2-S2-1-8053359,Etrick
2-S2-1-10998455,Kalashnikova
2-S2-1-11291121,lumerions
2-S2-1-8436774,Bandy
2-S2-1-7267910,Zeratul
2-S2-1-9776538,DiegoRiveraL
2-S2-1-1846491,ArcadeGamer
2-S2-1-9400926,Serеnity
2-S2-2-1072333,Slakon
2-S2-1-9843235,Eragonball
2-S2-1-1622974,MarcoFMig
2-S2-1-1594633,Nicolas
2-S2-1-8053359,Etrick
2-S2-1-10998455,Kalashnikova
2-S2-1-11291121,lumerions
2-S2-1-8436774,Bandy
2-S2-1-7267910,Zeratul
2-S2-1-9776538,DiegoRiveraL
2-S2-1-1846491,ArcadeGamer
2-S2-1-9400926,Serеnity
2-S2-2-1072333,Slakon
2-S2-1-9843235,Eragonball
2-S2-1-1622974,MarcoFMig
2-S2-1-1594633,Nicolas
2-S2-1-8053359,Etrick
2-S2-1-10998455,Kalashnikova
2-S2-1-11291121,lumerions
2-S2-1-8436774,Bandy
2-S2-1-7267910,Zeratul
2-S2-1-9776538,DiegoRiveraL
2-S2-1-1846491,ArcadeGamer
2-S2-1-9400926,Serеnity
2-S2-2-1072333,Slakon
2-S2-1-9843235,Eragonball
2-S2-1-1622974,MarcoFMig
2-S2-1-1594633,Nicolas
2-S2-1-8053359,Etrick
2-S2-1-10998455,Kalashnikova
2-S2-1-11291121,lumerions
2-S2-1-8436774,Bandy
2-S2-1-7267910,Zeratul
2-S2-1-9776538,DiegoRiveraL
2-S2-1-1846491,ArcadeGamer
2-S2-1-9400926,Serеnity
2-S2-2-1072333,Slakon
2-S2-1-9843235,Eragonball
2-S2-1-1622974,MarcoFMig
2-S2-1-1594633,Nicolas
2-S2-1-8053359,Etrick
2-S2-1-10998455,Kalashnikova
2-S2-1-11291121,lumerions
2-S2-1-8436774,Bandy
2-S2-1-7267910,Zeratul
2-S2-1-9776538,DiegoRiveraL
2-S2-1-1846491,ArcadeGamer
2-S2-1-9400926,Serеnity
2-S2-2-1072333,Slakon
2-S2-1-9843235,Eragonball
2-S2-1-1622974,MarcoFMig
2-S2-1-1594633,Nicolas
2-S2-1-8053359,Etrick
2-S2-1-10998455,Kalashnikova
2-S2-1-11291121,lumerions
2-S2-1-8436774,Bandy
2-S2-1-7267910,Zeratul
2-S2-1-9776538,DiegoRiveraL
2-S2-1-1846491,ArcadeGamer
2-S2-1-9400926,Serеnity
2-S2-2-1072333,Slakon
2-S2-1-9843235,Eragonball
2-S2-1-1622974,MarcoFMig
2-S2-1-1594633,Nicolas
2-S2-1-8053359,Etrick
2-S2-1-10998455,Kalashnikova
2-S2-1-11291121,lumerions
2-S2-1-8436774,Bandy
2-S2-1-7267910,Zeratul
2-S2-1-9776538,DiegoRiveraL
2-S2-1-1846491,ArcadeGamer
2-S2-1-9400926,Serеnity
2-S2-2-1072333,Slakon
2-S2-1-9843235,Eragonball
2-S2-1-1622974,MarcoFMig
2-S2-1-1594633,Nicolas
2-S2-1-8053359,Etrick
2-S2-1-10998455,Kalashnikova
2-S2-1-11291121,lumerions
2-S2-1-8436774,Bandy
2-S2-1-7267910,Zeratul
2-S2-1-9776538,DiegoRiveraL
2-S2-1-1846491,ArcadeGamer
2-S2-1-9400926,Serеnity
2-S2-2-1072333,Slakon
2-S2-1-9843235,Eragonball
2-S2-1-1622974,MarcoFMig
2-S2-1-1594633,Nicolas
2-S2-1-8053359,Etrick
2-S2-1-10998455,Kalashnikova
2-S2-1-11291121,lumerions
2-S2-1-8436774,Bandy
2-S2-1-7267910,Zeratul
2-S2-1-9776538,DiegoRiveraL
2-S2-1-1846491,ArcadeGamer
2-S2-1-9400926,Serеnity
2-S2-2-1072333,Slakon
2-S2-1-9843235,Eragonball
2-S2-1-1622974,MarcoFMig
2-S2-1-1594633,Nicolas
2-S2-1-8053359,Etrick
2-S2-1-10998455,Kalashnikova
2-S2-1-11291121,lumerions
2-S2-1-8436774,Bandy
2-S2-1-7267910,Zeratul
2-S2-1-9776538,DiegoRiveraL
2-S2-1-1846491,ArcadeGamer
2-S2-1-9400926,Serеnity
2-S2-2-1072333,Slakon
2-S2-1-9843235,Eragonball
2-S2-1-1622974,MarcoFMig
2-S2-1-1594633,Nicolas
2-S2-1-8053359,Etrick
2-S2-1-10998455,Kalashnikova
2-S2-1-11291121,lumerions
2-S2-1-8436774,Bandy
2-S2-1-7267910,Zeratul
2-S2-1-9776538,DiegoRiveraL
2-S2-1-1846491,ArcadeGamer
2-S2-1-9400926,Serеnity
2-S2-2-1072333,Slakon
2-S2-1-9843235,Eragonball
2-S2-1-1622974,MarcoFMig
2-S2-1-1594633,Nicolas
2-S2-1-8053359,Etrick
2-S2-1-10998455,Kalashnikova
2-S2-1-11291121,lumerions
2-S2-1-8436774,Bandy
2-S2-1-7267910,Zeratul
2-S2-1-9776538,DiegoRiveraL
2-S2-1-1846491,ArcadeGamer
2-S2-1-9400926,Serеnity
2-S2-2-1072333,Slakon
2-S2-1-9843235,Eragonball
2-S2-1-1622974,MarcoFMig
2-S2-1-1594633,Nicolas
2-S2-1-8053359,Etrick
2-S2-1-10998455,Kalashnikova
2-S2-1-11291121,lumerions
2-S2-1-8436774,Bandy
2-S2-1-7267910,Zeratul
2-S2-1-9776538,DiegoRiveraL
2-S2-1-1846491,ArcadeGamer
2-S2-1-9400926,Serеnity
2-S2-2-1072333,Slakon
2-S2-1-9843235,Eragonball
2-S2-1-1622974,MarcoFMig
2-S2-1-1594633,Nicolas
2-S2-1-8053359,Etrick
2-S2-1-10998455,Kalashnikova
2-S2-1-11291121,lumerions
2-S2-1-8436774,Bandy
2-S2-1-7267910,Zeratul
2-S2-1-9776538,DiegoRiveraL
2-S2-1-1846491,ArcadeGamer
2-S2-1-9400926,Serеnity
2-S2-2-1072333,Slakon
2-S2-1-9843235,Eragonball
2-S2-1-1622974,MarcoFMig
2-S2-1-1594633,Nicolas
2-S2-1-8053359,Etrick
2-S2-1-10998455,Kalashnikova
2-S2-1-11291121,lumerions
2-S2-1-8436774,Bandy
2-S2-1-7267910,Zeratul
2-S2-1-9776538,DiegoRiveraL
2-S2-1-1846491,ArcadeGamer
2-S2-1-9400926,Serеnity
2-S2-2-1072333,Slakon
2-S2-1-9843235,Eragonball
2-S2-1-1622974,MarcoFMig
2-S2-1-1594633,Nicolas
2-S2-1-8053359,Etrick
2-S2-1-10998455,Kalashnikova
2-S2-1-11291121,lumerions
2-S2-1-8436774,Bandy
2-S2-1-7267910,Zeratul
2-S2-1-9776538,DiegoRiveraL
2-S2-1-1846491,ArcadeGamer
2-S2-1-9400926,Serеnity
2-S2-2-1072333,Slakon
2-S2-1-9843235,Eragonball
2-S2-1-1622974,MarcoFMig
2-S2-1-1594633,Nicolas
2-S2-1-8053359,Etrick
2-S2-1-10998455,Kalashnikova
2-S2-1-11291121,lumerions
2-S2-1-8436774,Bandy
2-S2-1-7267910,Zeratul
2-S2-1-9776538,DiegoRiveraL
2-S2-1-1846491,ArcadeGamer
2-S2-1-9400926,Serеnity
2-S2-2-1072333,Slakon
2-S2-1-9843235,Eragonball
2-S2-1-1622974,MarcoFMig
2-S2-1-1594633,Nicolas
2-S2-1-8053359,Etrick
2-S2-1-10998455,Kalashnikova
2-S2-1-11291121,lumerions
2-S2-1-8436774,Bandy
2-S2-1-7267910,Zeratul
2-S2-1-9776538,DiegoRiveraL
2-S2-1-1846491,ArcadeGamer
2-S2-1-9400926,Serеnity
2-S2-2-1072333,Slakon
2-S2-1-9843235,Eragonball
2-S2-1-1622974,MarcoFMig
2-S2-1-1594633,Nicolas
2-S2-1-8053359,Etrick
2-S2-1-10998455,Kalashnikova
2-S2-1-11291121,lumerions
2-S2-1-8436774,Bandy
2-S2-1-7267910,Zeratul
2-S2-1-9776538,DiegoRiveraL
2-S2-1-1846491,ArcadeGamer
2-S2-1-9400926,Serеnity
2-S2-2-1072333,Slakon
2-S2-1-9843235,Eragonball
2-S2-1-1622974,MarcoFMig
2-S2-1-1594633,Nicolas
2-S2-1-8053359,Etrick
2-S2-1-10998455,Kalashnikova
2-S2-1-11291121,lumerions
2-S2-1-8436774,Bandy
2-S2-1-7267910,Zeratul
2-S2-1-9776538,DiegoRiveraL
2-S2-1-1846491,ArcadeGamer
2-S2-1-9400926,Serеnity
2-S2-2-1072333,Slakon
2-S2-1-9843235,Eragonball
2-S2-1-1622974,MarcoFMig
2-S2-1-1594633,Nicolas
2-S2-1-8053359,Etrick
2-S2-1-10998455,Kalashnikova
2-S2-1-11291121,lumerions
2-S2-1-8436774,Bandy
2-S2-1-7267910,Zeratul
2-S2-1-9776538,DiegoRiveraL
2-S2-1-1846491,ArcadeGamer
2-S2-1-9400926,Serеnity
2-S2-2-1072333,Slakon
2-S2-1-9843235,Eragonball
2-S2-1-1622974,MarcoFMig
2-S2-1-1594633,Nicolas
2-S2-1-8053359,Etrick
2-S2-1-10998455,Kalashnikova
2-S2-1-11291121,lumerions
2-S2-1-8436774,Bandy
2-S2-1-7267910,Zeratul
2-S2-1-9776538,DiegoRiveraL
2-S2-1-1846491,ArcadeGamer
2-S2-1-9400926,Serеnity
2-S2-2-1072333,Slakon
2-S2-1-9843235,Eragonball
2-S2-1-1622974,MarcoFMig
2-S2-1-1594633,Nicolas
2-S2-1-8053359,Etrick
2-S2-1-10998455,Kalashnikova
2-S2-1-11291121,lumerions
2-S2-1-8436774,Bandy
2-S2-1-7267910,Zeratul
2-S2-1-9776538,DiegoRiveraL
2-S2-1-1846491,ArcadeGamer
2-S2-1-9400926,Serеnity
2-S2-2-1072333,Slakon
2-S2-1-9843235,Eragonball
2-S2-1-1622974,MarcoFMig
2-S2-1-1594633,Nicolas
2-S2-1-8053359,Etrick
2-S2-1-10998455,Kalashnikova
2-S2-1-11291121,lumerions
2-S2-1-8436774,Bandy
2-S2-1-7267910,Zeratul
2-S2-1-9776538,DiegoRiveraL
2-S2-1-1846491,ArcadeGamer
2-S2-1-9400926,Serеnity
2-S2-2-1072333,Slakon
2-S2-1-9843235,Eragonball
2-S2-1-1622974,MarcoFMig
2-S2-1-1594633,Nicolas
2-S2-1-8053359,Etrick
2-S2-1-10998455,Kalashnikova
2-S2-1-11291121,lumerions
2-S2-1-8436774,Bandy
2-S2-1-7267910,Zeratul
2-S2-1-9776538,DiegoRiveraL
2-S2-1-1846491,ArcadeGamer
2-S2-1-9400926,Serеnity
2-S2-2-1072333,Slakon
2-S2-1-9843235,Eragonball
2-S2-1-1622974,MarcoFMig
2-S2-1-1594633,Nicolas
2-S2-1-8053359,Etrick
2-S2-1-10998455,Kalashnikova
2-S2-1-11291121,lumerions
2-S2-1-8436774,Bandy
2-S2-1-7267910,Zeratul
2-S2-1-9776538,DiegoRiveraL
2-S2-1-1846491,ArcadeGamer
2-S2-1-9400926,Serеnity
2-S2-2-1072333,Slakon
2-S2-1-9843235,Eragonball
2-S2-1-1622974,MarcoFMig
2-S2-1-1594633,Nicolas
2-S2-1-8053359,Etrick
2-S2-1-10998455,Kalashnikova
