AlienKills, HumanKills, MechKills, Ties, Victories, GamesPlayed
0,1,0,0,0,1,0
0,0,0,0,0,1,0
1,6,0,0,0,3,0
0,0,0,0,0,1,0
0,0,0,0,0,1,0
7,0,0,0,0,2,0
0,3,0,0,0,3,0
0,0,0,0,0,1,0
0,3,0,0,0,3,0
0,59,0,0,0,3,0
0,0,0,0,0,1,0
0,9,0,0,0,5,0
0,5,0,0,0,5,0
0,7,0,0,0,2,0
0,0,0,0,0,4,0
0,0,0,0,0,1,0
0,2,0,0,0,1,0
0,0,0,0,0,1,0
0,1,0,0,0,3,0
0,2,0,0,0,1,0
0,0,0,0,0,4,0
0,0,0,0,0,1,0
0,0,0,34,64,1,0
0,0,0,0,0,1,0
0,1,0,0,0,1,0
0,0,0,0,0,1,0
0,0,0,0,0,1,0
0,2,0,0,0,1,0
0,9,0,0,0,3,0
0,3,0,0,0,2,0
0,0,0,0,0,47,0
0,0,0,0,0,1,0
0,0,0,0,0,1,0
0,0,0,0,0,1,0
0,0,0,0,0,1,0
0,0,0,0,0,2,0
0,3,0,0,0,1,0
